[{"name":"13 Assassins","rating":"7.6","director":"Takashi Miike","year":"2010","actor":"Kôji Yakusho"},{"name":"Y Tu Mamá También","rating":"7.6","director":"Alfonso Cuarón","year":"2001","actor":"Maribel Verdú"},{"name":"The Warriors","rating":"7.6","director":"Walter Hill","year":"1979","actor":"Michael Beck"},{"name":"Dangerous Liaisons","rating":"7.6","director":"Stephen Frears","year":"1988","actor":"Glenn Close"},{"name":"The Long Goodbye","rating":"7.6","director":"Robert Altman","year":"1973","actor":"Elliott Gould"},{"name":"The Trap","rating":"7.6","director":"Srdan Golubovic","year":"2007","actor":"Nebojsa Glogovac"},{"name":"Saturday Night and Sunday Morning","rating":"7.6","director":"Karel Reisz","year":"1960","actor":"Albert Finney"},{"name":"What's Up, Doc?","rating":"7.6","director":"Peter Bogdanovich","year":"1972","actor":"Barbra Streisand"},{"name":"Escape from Alcatraz","rating":"7.6","director":"Donald Siegel","year":"1979","actor":"Clint Eastwood"},{"name":"Play It Again, Sam","rating":"7.6","director":"Herbert Ross","year":"1972","actor":"Woody Allen"},{"name":"Mafioso","rating":"7.6","director":"Alberto Lattuada","year":"1962","actor":"Alberto Sordi"},{"name":"Europa Europa","rating":"7.6","director":"Agnieszka Holland","year":"1990","actor":"Solomon Perel"},{"name":"Buffet Froid","rating":"7.6","director":"Bertrand Blier","year":"1979","actor":"Gérard Depardieu"},{"name":"Following","rating":"7.6","director":"Christopher Nolan","year":"1998","actor":"Jeremy Theobald"},{"name":"The Professional","rating":"7.6","director":"Georges Lautner","year":"1981","actor":"Jean-Paul Belmondo"},{"name":"Tucker and Dale vs Evil","rating":"7.6","director":"Eli Craig","year":"2010","actor":"Tyler Labine"},{"name":"Falling Down","rating":"7.6","director":"Joel Schumacher","year":"1993","actor":"Michael Douglas"},{"name":"Eat Drink Man Woman","rating":"7.6","director":"Ang Lee","year":"1994","actor":"Sihung Lung"},{"name":"Good Night, and Good Luck.","rating":"7.6","director":"George Clooney","year":"2005","actor":"David Strathairn"},{"name":"El Dorado","rating":"7.6","director":"Howard Hawks","year":"1966","actor":"John Wayne"},{"name":"The Wild Child","rating":"7.5","director":"François Truffaut","year":"1970","actor":"François Truffaut"},{"name":"Gallipoli","rating":"7.5","director":"Peter Weir","year":"1981","actor":"Mel Gibson"},{"name":"Water","rating":"7.6","director":"Deepa Mehta","year":"2005","actor":"Lisa Ray"},{"name":"Hunger","rating":"7.6","director":"Steve McQueen","year":"2008","actor":"Stuart Graham"},{"name":"Brothers","rating":"7.5","director":"Susanne Bier","year":"2004","actor":"Ulrich Thomsen"},{"name":"An American Werewolf in London","rating":"7.5","director":"John Landis","year":"1981","actor":"David Naughton"},{"name":"Senso","rating":"7.5","director":"Luchino Visconti","year":"1954","actor":"Farley Granger"},{"name":"The Time Machine","rating":"7.5","director":"George Pal","year":"1960","actor":"Rod Taylor"},{"name":"Swimming to Cambodia","rating":"7.5","director":"Jonathan Demme","year":"1987","actor":"Spalding Gray"},{"name":"Lilies of the Field","rating":"7.5","director":"Ralph Nelson","year":"1963","actor":"Sidney Poitier"},{"name":"Drunken Master","rating":"7.5","director":"Woo-ping Yuen","year":"1978","actor":"Jackie Chan"},{"name":"Separate Tables","rating":"7.5","director":"Delbert Mann","year":"1958","actor":"Rita Hayworth"},{"name":"Happy Together","rating":"7.5","director":"Kar Wai Wong","year":"1997","actor":"Leslie Cheung"},{"name":"A Woman Is a Woman","rating":"7.5","director":"Jean-Luc Godard","year":"1961","actor":"Anna Karina"},{"name":"When the Last Sword is Drawn","rating":"7.5","director":"Yôjirô Takita","year":"2003","actor":"Kiichi Nakai"},{"name":"A Little Princess","rating":"7.5","director":"Alfonso Cuarón","year":"1995","actor":"Liesel Matthews"},{"name":"Jeremiah Johnson","rating":"7.5","director":"Sydney Pollack","year":"1972","actor":"Robert Redford"},{"name":"Ip Man 2: Legend of the Grandmaster","rating":"7.5","director":"Wilson Yip","year":"2010","actor":"Donnie Yen"},{"name":"Star Trek: First Contact","rating":"7.5","director":"Jonathan Frakes","year":"1996","actor":"Patrick Stewart"},{"name":"The Friends of Eddie Coyle","rating":"7.5","director":"Peter Yates","year":"1973","actor":"Robert Mitchum"},{"name":"Ghost Dog: The Way of the Samurai","rating":"7.5","director":"Jim Jarmusch","year":"1999","actor":"Forest Whitaker"},{"name":"Headhunters","rating":"7.5","director":"Morten Tyldum","year":"2011","actor":"Aksel Hennie"},{"name":"Tyrannosaur","rating":"7.5","director":"Paddy Considine","year":"2011","actor":"Peter Mullan"},{"name":"Prisoner of the Mountains","rating":"7.5","director":"Sergey Bodrov","year":"1996","actor":"Oleg Menshikov"},{"name":"A Time for Drunken Horses","rating":"7.5","director":"Bahman Ghobadi","year":"2000","actor":"Ayoub Ahmadi"},{"name":"To Catch a Thief","rating":"7.5","director":"Alfred Hitchcock","year":"1955","actor":"Cary Grant"},{"name":"Perfume: The Story of a Murderer","rating":"7.5","director":"Tom Tykwer","year":"2006","actor":"Ben Whishaw"},{"name":"Three Days of the Condor","rating":"7.5","director":"Sydney Pollack","year":"1975","actor":"Robert Redford"},{"name":"Undertow","rating":"7.4","director":"Javier Fuentes-León","year":"2009","actor":"Cristian Mercado"},{"name":"Tell No One","rating":"7.5","director":"Guillaume Canet","year":"2006","actor":"François Cluzet"},{"name":"Witness","rating":"7.5","director":"Peter Weir","year":"1985","actor":"Harrison Ford"},{"name":"Babel","rating":"7.5","director":"Alejandro González Iñárritu","year":"2006","actor":"Brad Pitt"},{"name":"The Secret of Kells","rating":"7.5","director":"Tomm MooreNora Twomey","year":"2009","actor":"Evan McGuire"},{"name":"Fallen Angels","rating":"7.5","director":"Kar Wai Wong","year":"1995","actor":"Leon Lai"},{"name":"Flickering Lights","rating":"7.5","director":"Anders Thomas Jensen","year":"2000","actor":"Søren Pilmark"},{"name":"Of Mice and Men","rating":"7.5","director":"Gary Sinise","year":"1992","actor":"John Malkovich"},{"name":"Mother of Mine","rating":"7.5","director":"Klaus Härö","year":"2005","actor":"Topi Majaniemi"},{"name":"Searching for Bobby Fischer","rating":"7.5","director":"Steven Zaillian","year":"1993","actor":"Joe Mantegna"},{"name":"The Hours","rating":"7.5","director":"Stephen Daldry","year":"2002","actor":"Meryl Streep"},{"name":"Attack","rating":"7.5","director":"Robert Aldrich","year":"1956","actor":"Jack Palance"},{"name":"Small Change","rating":"7.5","director":"François Truffaut","year":"1976","actor":"Georges Desmouceaux"},{"name":"Cherry Blossoms","rating":"7.5","director":"Doris Dörrie","year":"2008","actor":"Elmar Wepper"},{"name":"Kansas City Confidential","rating":"7.4","director":"Phil Karlson","year":"1952","actor":"John Payne"},{"name":"The Wedding Banquet","rating":"7.5","director":"Ang Lee","year":"1993","actor":"Winston Chao"},{"name":"Rabid Dogs","rating":"7.4","director":"Mario Bava","year":"1974","actor":"Lea Lander"},{"name":"All or Nothing","rating":"7.4","director":"Mike Leigh","year":"2002","actor":"Timothy Spall"},{"name":"The Man with the Golden Arm","rating":"7.4","director":"Otto Preminger","year":"1955","actor":"Frank Sinatra"},{"name":"In the Loop","rating":"7.4","director":"Armando Iannucci","year":"2009","actor":"Tom Hollander"},{"name":"Keith","rating":"7.4","director":"Todd Kessler","year":"2008","actor":"Elisabeth Harnois"},{"name":"Atlantic City","rating":"7.4","director":"Louis Malle","year":"1980","actor":"Burt Lancaster"},{"name":"Girl on the Bridge","rating":"7.4","director":"Patrice Leconte","year":"1999","actor":"Vanessa Paradis"},{"name":"Waiting for Guffman","rating":"7.4","director":"Christopher Guest","year":"1996","actor":"Christopher Guest"},{"name":"Secret","rating":"7.4","director":"Jay Chou","year":"2007","actor":"Jay Chou"},{"name":"Don't Look Now","rating":"7.4","director":"Nicolas Roeg","year":"1973","actor":"Julie Christie"},{"name":"Capote","rating":"7.4","director":"Bennett Miller","year":"2005","actor":"Philip Seymour Hoffman"},{"name":"I Want to Live!","rating":"7.4","director":"Robert Wise","year":"1958","actor":"Susan Hayward"},{"name":"Trade","rating":"7.4","director":"Marco Kreuzpaintner","year":"2007","actor":"Kevin Kline"},{"name":"The Big Combo","rating":"7.4","director":"Joseph Lewis","year":"1955","actor":"Richard Conte"},{"name":"Autumn Spring","rating":"7.4","director":"Vladimír Michálek","year":"2001","actor":"Vlastimil Brodský"},{"name":"Trading Places","rating":"7.4","director":"John Landis","year":"1983","actor":"Eddie Murphy"},{"name":"Salt of the Earth","rating":"7.4","director":"Herbert J. Biberman","year":"1954","actor":"Juan Chacón"},{"name":"School for Scoundrels","rating":"7.4","director":"Robert Hamer","year":"1960","actor":"Ian Carmichael"},{"name":"The Secret of NIMH","rating":"7.4","director":"Don Bluth","year":"1982","actor":"Elizabeth Hartman"},{"name":"The Adventures of Tintin","rating":"7.4","director":"Steven Spielberg","year":"2011","actor":"Jamie Bell"},{"name":"The Aura","rating":"7.4","director":"Fabián Bielinsky","year":"2005","actor":"Ricardo Darín"},{"name":"Murder by Death","rating":"7.4","director":"Robert Moore","year":"1976","actor":"Peter Falk"},{"name":"Mission: Impossible - Ghost Protocol","rating":"7.4","director":"Brad Bird","year":"2011","actor":"Tom Cruise"},{"name":"The Color of Pomegranates","rating":"7.3","director":"Sergei Parajanov","year":"1968","actor":"Sofiko Chiaureli"},{"name":"Best in Show","rating":"7.4","director":"Christopher Guest","year":"2000","actor":"Fred Willard"},{"name":"Hustle & Flow","rating":"7.4","director":"Craig Brewer","year":"2005","actor":"Terrence Howard"},{"name":"Freedom Writers","rating":"7.4","director":"Richard LaGravenese","year":"2007","actor":"Hilary Swank"},{"name":"Summer and Smoke","rating":"7.4","director":"Peter Glenville","year":"1961","actor":"Laurence Harvey"},{"name":"D.O.A.","rating":"7.4","director":"Rudolph Maté","year":"1950","actor":"Edmond O'Brien"},{"name":"Lawn Dogs","rating":"7.4","director":"John Duigan","year":"1997","actor":"Sam Rockwell"},{"name":"The Good Time Girls","rating":"7.4","director":"Claude Chabrol","year":"1960","actor":"Bernadette Lafont"},{"name":"Excalibur","rating":"7.3","director":"John Boorman","year":"1981","actor":"Nigel Terry"},{"name":"The Sun","rating":"7.3","director":"Aleksandr Sokurov","year":"2005","actor":"Issei Ogata"},{"name":"Red Cliff","rating":"7.3","director":"John Woo","year":"2008","actor":"Tony Leung Chiu Wai"},{"name":"The Naked Kiss","rating":"7.3","director":"Samuel Fuller","year":"1964","actor":"Constance Towers"},{"name":"My Name Is Nobody","rating":"7.3","director":"Tonino Valerii","year":"1973","actor":"Terence Hill"}]
